<?xml version="1.0" encoding="UTF-8"?>
<CustomField xmlns="http://soap.sforce.com/2006/04/metadata">
    <fullName>Message_Id__c</fullName>
    <description>The ID of the message that represents this message in the database. Required in case a user attempts to post this message in Chatter before refreshing the page. (Refreshing the page would provide the ID as all messages are pulled from the DB)</description>
    <externalId>false</externalId>
    <isFilteringDisabled>false</isFilteringDisabled>
    <isNameField>false</isNameField>
    <isSortingDisabled>false</isSortingDisabled>
    <label>Message Id</label>
    <length>18</length>
    <required>false</required>
    <type>Text</type>
    <unique>false</unique>
</CustomField>
