<?xml version="1.0" encoding="UTF-8"?>
<CustomField xmlns="http://soap.sforce.com/2006/04/metadata">
    <fullName>To_User__c</fullName>
    <description>The recipient or public group that this message is being sent to</description>
    <externalId>false</externalId>
    <isFilteringDisabled>false</isFilteringDisabled>
    <isNameField>false</isNameField>
    <isSortingDisabled>false</isSortingDisabled>
    <label>To User</label>
    <length>18</length>
    <required>false</required>
    <type>Text</type>
    <unique>false</unique>
</CustomField>
