<?xml version="1.0" encoding="UTF-8"?>
<CustomField xmlns="http://soap.sforce.com/2006/04/metadata">
    <fullName>Image__c</fullName>
    <externalId>false</externalId>
    <formula>IMAGE(&quot;/sfc/servlet.shepherd/version/download/06826000000dHTR&quot;, &#39;image alternate text&#39;,240,320)</formula>
    <formulaTreatBlanksAs>BlankAsZero</formulaTreatBlanksAs>
    <label>Image</label>
    <required>false</required>
    <trackTrending>false</trackTrending>
    <type>Text</type>
    <unique>false</unique>
</CustomField>
