<?xml version="1.0" encoding="UTF-8"?>
<PermissionSet xmlns="http://soap.sforce.com/2006/04/metadata">
    <hasActivationRequired>false</hasActivationRequired>
    <label>Messenger User</label>
    <objectPermissions>
        <allowCreate>false</allowCreate>
        <allowDelete>false</allowDelete>
        <allowEdit>false</allowEdit>
        <allowRead>true</allowRead>
        <modifyAllRecords>false</modifyAllRecords>
        <object>Message__e</object>
        <viewAllRecords>false</viewAllRecords>
    </objectPermissions>
    <userPermissions>
        <enabled>true</enabled>
        <name>CanInsertFeedSystemFields</name>
    </userPermissions>
</PermissionSet>
